"Date ","series ","OPEN ","HIGH ","LOW ","PREV. CLOSE ","ltp ","close ","vwap ","52W H ","52W L ","VOLUME ","VALUE ","No of trades "
"06-May-2022","EQ","710.00","710.95","700.00","717.20","705.75","704.55","704.29","6,396.30","639.45",2164692,"1,524,578,950.85",105693
"05-May-2022","EQ","729.95","732.60","714.20","721.65","719.00","717.20","723.73","6,396.30","639.45",1245236,"901,218,390.85",49947
"04-May-2022","EQ","740.00","744.70","719.15","737.50","722.00","721.65","728.43","6,396.30","639.45",1654040,"1,204,847,155.65",71151
"02-May-2022","EQ","740.00","742.70","730.15","745.95","738.30","737.50","736.25","6,396.30","639.45",1299170,"956,519,876.05",48539
"29-Apr-2022","EQ","759.95","766.65","745.00","757.40","747.00","745.95","753.84","6,396.30","639.45",1428538,"1,076,884,290.95",47855
"28-Apr-2022","EQ","756.70","761.00","744.10","748.50","756.00","757.40","753.20","6,396.30","639.45",1902979,"1,433,314,274.05",45462
"27-Apr-2022","EQ","755.00","758.55","742.10","761.05","748.75","748.50","748.32","6,396.30","639.45",1666186,"1,246,836,169.30",53741
"26-Apr-2022","EQ","749.00","762.80","749.00","745.60","761.00","761.05","759.63","6,396.30","639.45",1581369,"1,201,261,242.30",48273
"25-Apr-2022","EQ","745.00","754.45","740.00","755.20","748.25","745.60","746.78","6,396.30","639.45",1579619,"1,179,628,938.90",60054
"22-Apr-2022","EQ","751.25","766.00","751.00","759.65","755.30","755.20","759.17","6,396.30","639.45",1361764,"1,033,805,651.10",46244
"21-Apr-2022","EQ","757.80","761.30","751.15","747.60","760.35","759.65","757.12","6,396.30","639.45",1365751,"1,034,044,146.40",41044
"20-Apr-2022","EQ","755.00","761.50","742.85","752.75","749.55","747.60","751.35","6,396.30","639.45",2149320,"1,614,886,904.75",66104
"19-Apr-2022","EQ","771.05","778.00","745.30","767.20","750.00","752.75","763.94","6,396.30","639.45",2121322,"1,620,553,394.95",77698
"18-Apr-2022","EQ","778.00","778.00","757.30","780.30","768.50","767.20","764.51","6,396.30","639.45",2339997,"1,788,951,835.15",80031
"13-Apr-2022","EQ","790.00","793.70","778.00","783.60","781.00","780.30","786.16","6,396.30","639.45",1501647,"1,180,528,739.45",46669
"12-Apr-2022","EQ","801.40","801.95","776.40","801.40","783.80","783.60","785.05","6,396.30","639.45",2743228,"2,153,563,884.90",87954
"11-Apr-2022","EQ","790.35","809.00","790.35","790.35","801.95","801.40","800.59","6,396.30","639.45",2482781,"1,987,689,318.60",59938
"08-Apr-2022","EQ","791.85","799.80","789.05","787.75","791.15","790.35","793.52","6,396.30","639.45",1715933,"1,361,619,105.90",51495
"07-Apr-2022","EQ","795.85","801.00","784.00","791.95","788.65","787.75","791.85","6,396.30","639.45",3337181,"2,642,535,016.15",89725
"06-Apr-2022","EQ","820.00","828.95","787.75","822.35","795.85","791.95","806.09","6,396.30","639.45",5400080,"4,352,933,585.90",135583
"05-Apr-2022","EQ","840.85","840.95","819.45","832.70","822.00","822.35","828.63","6,396.30","639.45",3480544,"2,884,087,721.70",87143
"04-Apr-2022","EQ","803.95","837.70","803.00","798.20","834.00","832.70","817.79","6,396.30","639.45",5650502,"4,620,932,860.60",142867
"01-Apr-2022","EQ","777.00","802.65","775.55","774.70","797.75","798.20","792.74","6,396.30","639.45",4160527,"3,298,227,660.25",94790
"31-Mar-2022","EQ","791.05","792.75","773.00","789.55","777.00","774.70","780.79","6,396.30","639.45",2496423,"1,949,179,989.80",65436
"30-Mar-2022","EQ","773.00","795.00","769.00","767.60","787.00","789.55","786.27","6,396.30","639.45",5002096,"3,932,986,474.35",109822
"29-Mar-2022","EQ","769.00","775.75","766.00","766.25","767.00","767.60","770.13","6,396.30","639.45",2496305,"1,922,476,718.50",48269
"28-Mar-2022","EQ","771.00","776.95","758.60","770.05","766.00","766.25","768.34","6,396.30","639.45",2500762,"1,921,429,958.65",52670
"25-Mar-2022","EQ","779.00","779.25","768.00","772.50","769.95","770.05","773.68","6,396.30","639.45",1756340,"1,358,843,624.05",46465
"24-Mar-2022","EQ","766.40","779.40","760.30","766.45","771.00","772.50","770.44","6,396.30","639.45",1803315,"1,389,353,896.75",46983
"23-Mar-2022","EQ","772.00","785.60","763.00","765.80","766.00","766.45","774.08","6,396.30","639.45",3000265,"2,322,455,501.90",71631
"22-Mar-2022","EQ","774.00","774.00","752.10","770.75","767.95","765.80","761.40","6,396.30","639.45",2670547,"2,033,366,842.70",73773
"21-Mar-2022","EQ","773.05","782.70","768.00","770.45","769.50","770.75","774.10","6,396.30","639.45",2165538,"1,676,334,821.35",59548
"17-Mar-2022","EQ","776.25","779.60","767.15","768.25","770.00","770.45","773.77","6,396.30","639.45",2471381,"1,912,271,509.55",69762
"16-Mar-2022","EQ","768.00","773.60","764.40","756.40","767.15","768.25","768.05","6,396.30","639.45",2456680,"1,886,845,676.45",65574
"15-Mar-2022","EQ","759.00","769.90","751.05","752.85","755.50","756.40","761.50","6,396.30","639.45",3053279,"2,325,073,942.45",81913
"14-Mar-2022","EQ","743.00","762.85","738.55","757.75","752.90","752.85","751.96","6,396.30","639.45",3574348,"2,687,778,185.70",107731
"11-Mar-2022","EQ","754.30","765.00","748.00","758.10","757.15","757.75","757.58","6,396.30","639.45",2461743,"1,864,956,392.65",67865
"10-Mar-2022","EQ","762.00","772.00","750.00","735.05","751.00","758.10","761.84","6,396.30","639.45",5542997,"4,222,875,303.60",146283
"09-Mar-2022","EQ","730.95","738.60","719.05","718.05","737.00","735.05","729.73","6,396.30","639.45",4485413,"3,273,143,711.75",133547
"08-Mar-2022","EQ","718.00","728.95","709.05","718.00","716.95","718.05","718.13","6,396.30","639.45",4872109,"3,498,783,470.95",148675
"07-Mar-2022","EQ","740.00","740.00","708.40","747.25","720.00","718.00","719.39","6,396.30","639.45",6257302,"4,501,427,160.55",251293
"04-Mar-2022","EQ","780.00","780.20","730.00","799.65","747.80","747.25","752.65","6,396.30","639.45",15395743,"11,587,653,881.90",437146
"03-Mar-2022","EQ","822.00","822.00","796.85","808.80","801.00","799.65","807.77","6,396.30","639.45",2962409,"2,392,950,216.10",78908
"02-Mar-2022","EQ","795.00","815.80","795.00","809.35","809.10","808.80","807.54","6,396.30","639.45",3010826,"2,431,354,880.80",81521
"28-Feb-2022","EQ","780.30","812.00","780.20","800.00","809.20","809.35","798.26","6,396.30","639.45",4654745,"3,715,692,488.35",112434
"25-Feb-2022","EQ","770.00","803.50","768.00","738.05","800.00","800.00","791.64","6,396.30","639.45",7097351,"5,618,542,502.55",171627
"24-Feb-2022","EQ","775.00","794.35","735.00","814.35","739.55","738.05","763.78","6,396.30","639.45",10021435,"7,654,178,370.45",437643
"23-Feb-2022","EQ","799.90","819.00","795.00","789.60","812.05","814.35","810.56","6,396.30","639.45",4772916,"3,868,747,415.30",94191
"22-Feb-2022","EQ","781.00","799.35","780.00","803.40","789.05","789.60","790.06","6,396.30","639.45",4301060,"3,398,081,856.95",166574
"21-Feb-2022","EQ","810.00","816.00","796.00","816.35","804.40","803.40","805.70","6,396.30","639.45",3000870,"2,417,808,111.75",98586
"18-Feb-2022","EQ","818.00","827.30","813.05","821.85","815.70","816.35","820.69","6,396.30","639.45",1905006,"1,563,419,803.25",47610
"17-Feb-2022","EQ","829.95","834.00","820.00","825.00","821.45","821.85","827.27","6,396.30","639.45",2350333,"1,944,362,366.30",59030
"16-Feb-2022","EQ","830.80","838.00","820.20","820.50","823.00","825.00","829.42","6,396.30","639.45",2883449,"2,391,604,532.50",71496
"15-Feb-2022","EQ","805.00","823.00","791.50","798.35","822.95","820.50","808.36","6,396.30","639.45",4358562,"3,523,299,879.85",124391
"14-Feb-2022","EQ","819.50","819.95","792.35","830.75","794.90","798.35","808.56","6,396.30","639.45",4917765,"3,976,317,515.10",196760
"11-Feb-2022","EQ","835.50","841.95","825.00","845.90","832.00","830.75","834.46","6,396.30","639.45",2582020,"2,154,591,531.75",86584
"10-Feb-2022","EQ","855.00","855.15","840.30","849.95","845.75","845.90","846.25","6,396.30","639.45",2569073,"2,174,074,470.40",70970
"09-Feb-2022","EQ","859.00","868.40","845.10","838.05","850.50","849.95","853.76","6,396.30","639.45",6791815,"5,798,608,443.55",148381
"08-Feb-2022","EQ","842.50","848.60","821.50","835.60","838.75","838.05","836.21","6,396.30","639.45",3851680,"3,220,794,212.05",100550
"07-Feb-2022","EQ","858.75","868.55","830.00","855.75","836.00","835.60","843.56","6,396.30","639.45",4119747,"3,475,255,369.55",119511
"04-Feb-2022","EQ","861.00","865.50","851.25","860.65","855.00","855.75","857.80","6,396.30","639.45",2105561,"1,806,142,920.35",60856
"03-Feb-2022","EQ","860.50","871.85","857.00","860.90","859.50","860.65","865.09","6,396.30","639.45",2603770,"2,252,490,915.50",70447
"02-Feb-2022","EQ","863.00","868.00","857.00","856.90","860.50","860.90","862.40","6,396.30","639.45",2531086,"2,182,801,747.70",72839
"01-Feb-2022","EQ","894.60","899.90","848.60","868.00","855.65","856.90","874.46","6,396.30","639.45",11012459,"9,629,921,795.75",266196
"31-Jan-2022","EQ","855.00","880.95","849.60","844.60","869.00","868.00","870.28","6,396.30","639.45",4650001,"4,046,801,916.10",113714
"28-Jan-2022","EQ","825.75","860.00","817.00","813.80","845.00","844.60","847.18","6,396.30","639.45",5541007,"4,694,233,329.15",132533
"27-Jan-2022","EQ","818.60","824.40","803.00","829.90","815.00","813.80","811.97","6,396.30","639.45",4740612,"3,849,213,803.90",157350
"25-Jan-2022","EQ","809.00","833.00","784.80","809.80","828.00","829.90","816.52","6,396.30","639.45",5090144,"4,156,208,357.50",155470
"24-Jan-2022","EQ","859.50","860.15","805.00","861.70","810.00","809.80","822.35","6,396.30","639.45",7654105,"6,294,360,365.90",294831
"21-Jan-2022","EQ","873.00","881.00","855.00","880.40","863.00","861.70","867.67","6,396.30","639.45",3915909,"3,397,700,187.85",110211
"20-Jan-2022","EQ","875.75","885.00","865.65","875.95","879.00","880.40","877.12","6,396.30","639.45",3262969,"2,862,014,917.90",83499
"19-Jan-2022","EQ","863.50","877.95","850.30","861.10","875.75","875.95","864.76","6,396.30","639.45",4437914,"3,837,717,036.50",111023
"18-Jan-2022","EQ","899.90","904.20","855.90","897.35","864.00","861.10","876.60","6,396.30","639.45",5857768,"5,134,923,406.05",182707
"17-Jan-2022","EQ","910.00","918.65","891.25","902.70","894.50","897.35","906.13","6,396.30","639.45",6834869,"6,193,257,199.35",166612
"14-Jan-2022","EQ","863.90","908.00","856.70","868.15","905.00","902.70","896.94","6,396.30","639.45",14072932,"12,622,599,788.95",321407
"13-Jan-2022","EQ","861.25","874.00","853.05","861.25","866.30","868.15","865.69","6,396.30","639.45",3384510,"2,929,931,190.25",94226
"12-Jan-2022","EQ","868.80","869.40","848.25","862.40","860.70","861.25","858.86","6,396.30","639.45",3419540,"2,936,911,595.05",90779
"11-Jan-2022","EQ","875.00","883.00","859.15","873.45","861.30","862.40","872.77","6,396.30","639.45",3257687,"2,843,218,476.60",98066
"10-Jan-2022","EQ","862.50","878.75","862.50","860.95","874.00","873.45","871.72","6,396.30","639.45",4778546,"4,165,556,387.30",138868
"07-Jan-2022","EQ","843.25","888.00","842.45","843.25","860.50","860.95","872.13","6,396.30","639.45",12254034,"10,687,148,687.65",261202
"06-Jan-2022","EQ","825.00","847.90","825.00","840.60","843.10","843.25","837.60","6,396.30","639.45",2842824,"2,381,144,376.75",80886
"05-Jan-2022","EQ","845.00","847.10","828.00","848.05","840.45","840.60","837.22","6,396.30","639.45",3312721,"2,773,487,785.50",85868
"04-Jan-2022","EQ","850.00","853.70","843.30","845.65","847.80","848.05","849.60","6,396.30","639.45",2496924,"2,121,394,269.80",59197
"03-Jan-2022","EQ","831.90","850.00","830.35","831.75","845.90","845.65","840.03","6,396.30","639.45",3501695,"2,941,523,121.35",81184
"31-Dec-2021","EQ","834.90","840.00","829.15","833.00","831.40","831.75","833.88","6,396.30","639.45",2712460,"2,261,872,948.55",72688
"30-Dec-2021","EQ","846.70","847.80","831.10","849.35","833.50","833.00","837.39","6,396.30","639.45",3488161,"2,920,966,485.65",82711
"29-Dec-2021","EQ","859.45","864.00","847.00","863.50","848.20","849.35","853.63","6,396.30","639.45",3670117,"3,132,904,906.90",87820
"28-Dec-2021","EQ","840.70","876.60","840.55","839.00","862.65","863.50","865.13","6,396.30","639.45",8220616,"7,111,865,068.00",174005
"27-Dec-2021","EQ","823.00","840.00","823.00","837.20","838.70","839.00","833.31","6,396.30","639.45",2640676,"2,200,501,787.50",65900
"24-Dec-2021","EQ","841.00","842.80","828.50","841.35","837.20","837.20","835.90","6,396.30","639.45",2502607,"2,091,919,185.10",54948
"23-Dec-2021","EQ","846.70","847.35","834.20","839.75","841.30","841.35","841.29","6,396.30","639.45",2917612,"2,454,561,013.50",63682
"22-Dec-2021","EQ","820.00","842.60","819.00","814.75","841.50","839.75","830.00","6,396.30","639.45",3721795,"3,089,072,486.25",88983
"21-Dec-2021","EQ","805.00","818.85","800.00","794.10","815.00","814.75","810.45","6,396.30","639.45",3613582,"2,928,624,070.70",88733
"20-Dec-2021","EQ","807.00","825.70","780.70","832.40","792.60","794.10","794.00","6,396.30","639.45",7418777,"5,890,534,342.20",269284
"17-Dec-2021","EQ","850.00","851.90","825.45","852.15","831.00","832.40","834.94","6,396.30","639.45",4227183,"3,529,436,334.45",115508
"16-Dec-2021","EQ","857.05","860.80","841.35","851.20","853.50","852.15","849.88","6,396.30","639.45",2918474,"2,480,360,944.90",68211
"15-Dec-2021","EQ","851.20","867.40","848.00","855.05","851.00","851.20","856.03","6,396.30","639.45",2762485,"2,364,769,300.35",72430
"14-Dec-2021","EQ","860.00","860.00","843.00","858.70","857.00","855.05","851.30","6,396.30","639.45",3374432,"2,872,638,664.65",91538
"13-Dec-2021","EQ","862.50","878.20","856.25","857.95","859.00","858.70","867.60","6,396.30","639.45",4485978,"3,892,020,892.65",107118
"10-Dec-2021","EQ","851.00","869.95","850.00","856.85","855.20","857.95","860.30","6,396.30","639.45",4358630,"3,749,740,362.55",105156
"09-Dec-2021","EQ","856.00","863.00","841.55","851.40","855.85","856.85","854.29","6,396.30","639.45",5118754,"4,372,924,791.65",114670
"08-Dec-2021","EQ","830.50","856.70","829.05","823.05","853.60","851.40","848.17","6,396.30","639.45",7190775,"6,098,979,619.80",173391
"07-Dec-2021","EQ","809.95","829.80","807.00","801.40","823.55","823.05","818.45","6,396.30","639.45",4528051,"3,705,981,454.90",106886
"06-Dec-2021","EQ","815.00","819.50","798.20","819.90","799.95","801.40","809.87","6,396.30","639.45",4473930,"3,623,319,283.05",125738
"03-Dec-2021","EQ","819.00","831.45","810.00","821.25","819.10","819.90","821.93","6,396.30","639.45",4777395,"3,926,672,679.20",120039
"02-Dec-2021","EQ","815.25","825.00","803.00","811.95","823.50","821.25","812.53","6,396.30","639.45",4869021,"3,956,228,476.50",122710
"01-Dec-2021","EQ","809.00","817.00","796.35","795.15","815.00","811.95","806.14","6,396.30","639.45",6448797,"5,198,613,259.50",160741
"30-Nov-2021","EQ","790.30","819.90","787.60","775.80","798.80","795.15","798.64","6,396.30","639.45",37176726,"29,690,867,859.10",402139
"29-Nov-2021","EQ","786.00","801.00","750.55","823.05","776.25","775.80","781.65","6,396.30","639.45",13888743,"10,856,067,033.70",485110
"26-Nov-2021","EQ","849.00","854.95","820.00","865.55","822.30","823.05","836.31","6,396.30","639.45",10211011,"8,539,598,189.05",372118
"25-Nov-2021","EQ","863.00","874.50","835.65","862.80","862.50","865.55","852.82","6,396.30","639.45",9169669,"7,820,037,651.00",260928
"24-Nov-2021","EQ","898.00","901.70","853.10","892.80","862.00","862.80","880.79","6,396.30","639.45",7679846,"6,764,360,722.60",227911
"23-Nov-2021","EQ","877.00","897.60","872.60","886.75","894.90","892.80","889.02","6,396.30","639.45",6078636,"5,404,058,595.90",171306
"22-Nov-2021","EQ","912.00","919.70","872.35","890.65","888.80","886.75","895.50","6,396.30","639.45",11376478,"10,187,628,264.45",335137
"18-Nov-2021","EQ","903.50","905.90","871.10","903.60","892.20","890.65","886.37","6,396.30","639.45",7714073,"6,837,484,445.60",250691
"17-Nov-2021","EQ","925.00","928.70","900.10","921.05","902.85","903.60","910.10","6,396.30","639.45",7189458,"6,543,131,230.05",242672
"16-Nov-2021","EQ","915.80","929.00","911.35","903.40","920.35","921.05","921.09","6,396.30","639.45",9298944,"8,565,200,849.00",251460
"15-Nov-2021","EQ","877.95","923.00","869.00","864.85","908.00","903.40","906.36","6,396.30","639.45",21402501,"19,398,325,587.90",521896
"12-Nov-2021","EQ","853.00","876.00","847.00","847.30","865.00","864.85","862.67","6,396.30","639.45",9255302,"7,984,293,017.50",231605
"11-Nov-2021","EQ","849.00","856.00","835.00","849.85","853.00","847.30","845.13","6,396.30","639.45",4924717,"4,162,008,793.30",155640
"10-Nov-2021","EQ","856.00","866.00","847.00","856.00","849.90","849.85","855.55","6,396.30","639.45",6275409,"5,368,906,876.85",183996
"09-Nov-2021","EQ","835.00","858.00","834.00","832.85","857.50","856.00","849.52","6,396.30","639.45",9656004,"8,202,951,300.25",254350
"08-Nov-2021","EQ","819.00","840.00","779.85","822.25","832.40","832.85","824.22","6,396.30","639.45",11974709,"9,869,768,136.80",372900
"04-Nov-2021","EQ","828.25","828.25","820.00","819.85","822.00","822.25","823.67","6,396.30","639.45",2229843,"1,836,661,983.60",132880
"03-Nov-2021","EQ","840.00","848.90","815.10","848.20","819.25","819.85","829.88","6,396.30","639.45",10088006,"8,371,862,868.90",338884
"02-Nov-2021","EQ","868.40","868.80","844.25","855.45","846.50","848.20","853.83","6,396.30","639.45",9742650,"8,318,599,198.20",308817
"01-Nov-2021","EQ","874.20","885.00","809.25","845.70","856.00","855.45","845.02","6,396.30","639.45",29989312,"25,341,524,475.55",902975
"29-Oct-2021","EQ","822.15","906.45","639.45","913.50","842.80","845.70","803.28","6,396.30","639.45",82848030,"66,550,441,966.50",2259771
"28-Oct-2021","EQ","817.00","983.00","810.00","4,130.15","923.00","913.50","925.41","6,396.30","810.00",59298778,"54,875,931,755.65",1928611
"27-Oct-2021","EQ","4,250.50","4,334.80","4,033.75","4,189.50","4,125.00","4,130.15","4,147.09","6,396.30","1,290.05",5358793,"22,223,413,210.70",512531
"26-Oct-2021","EQ","4,068.00","4,400.00","4,051.00","4,022.35","4,214.00","4,189.50","4,240.39","6,396.30","1,290.05",8202241,"34,780,699,204.50",710560
"25-Oct-2021","EQ","4,685.00","4,685.00","3,961.10","4,622.55","4,029.00","4,022.35","4,127.82","6,396.30","1,290.05",7773301,"32,086,817,666.10",794098
"22-Oct-2021","EQ","4,628.00","4,680.00","4,450.05","4,573.25","4,627.95","4,622.55","4,585.33","6,396.30","1,290.05",5604504,"25,698,518,905.95",541832
"21-Oct-2021","EQ","4,440.70","4,750.00","4,414.10","4,434.35","4,579.60","4,573.25","4,545.05","6,396.30","1,290.05",9272239,"42,142,744,761.45",998017
"20-Oct-2021","EQ","4,909.40","4,999.80","4,377.30","5,454.85","4,415.00","4,434.35","4,615.74","6,396.30","1,290.05",19666785,"90,776,691,116.90",1859218
"19-Oct-2021","EQ","6,175.00","6,396.30","4,996.05","5,877.70","4,996.05","5,454.85","6,112.17","6,396.30","1,290.05",14861150,"90,833,825,691.60",1216121
"18-Oct-2021","EQ","5,594.00","5,967.00","5,575.05","5,463.55","5,964.00","5,877.70","5,767.26","5,967.00","1,290.05",7938916,"45,785,753,565.25",601990
"14-Oct-2021","EQ","5,004.00","5,594.00","4,990.00","4,928.80","5,485.00","5,463.55","5,383.26","5,594.00","1,290.05",14235420,"76,632,914,160.55",799894
"13-Oct-2021","EQ","4,851.00","4,960.00","4,831.25","4,817.25","4,946.95","4,928.80","4,886.50","4,964.20","1,290.05",3242132,"15,842,686,490.80",204331
"12-Oct-2021","EQ","4,765.00","4,877.00","4,725.00","4,772.55","4,819.25","4,817.25","4,822.03","4,964.20","1,290.05",3279400,"15,813,355,327.35",237634
"11-Oct-2021","EQ","4,904.90","4,928.50","4,750.00","4,876.55","4,769.00","4,772.55","4,832.72","4,964.20","1,290.05",6014937,"29,068,534,571.85",488792
"08-Oct-2021","EQ","4,824.00","4,964.20","4,721.10","4,690.90","4,845.00","4,876.55","4,869.83","4,964.20","1,290.05",12273462,"59,769,680,769.95",658661
"07-Oct-2021","EQ","4,598.00","4,768.95","4,525.05","4,463.35","4,763.00","4,690.90","4,627.55","4,768.95","1,290.05",8645520,"40,007,573,748.55",480811
"06-Oct-2021","EQ","4,199.00","4,510.00","4,180.00","4,166.10","4,482.75","4,463.35","4,398.60","4,510.00","1,290.05",11716236,"51,535,040,850.10",614447
"05-Oct-2021","EQ","4,085.00","4,208.40","4,005.00","4,008.90","4,154.65","4,166.10","4,119.69","4,208.40","1,290.05",7369295,"30,359,230,779.25",399322
"04-Oct-2021","EQ","3,812.60","4,064.85","3,808.40","3,793.60","4,059.00","4,008.90","3,944.54","4,064.85","1,290.05",5278868,"20,822,729,665.35",270633
"01-Oct-2021","EQ","3,777.00","3,821.00","3,733.15","3,798.50","3,794.00","3,793.60","3,782.26","4,019.70","1,290.05",1599816,"6,050,922,476.90",116364
"30-Sep-2021","EQ","3,820.00","3,880.00","3,777.20","3,770.15","3,802.80","3,798.50","3,822.21","4,019.70","1,290.05",2924892,"11,179,540,355.15",198902
"29-Sep-2021","EQ","3,858.90","3,858.90","3,755.55","3,865.60","3,767.00","3,770.15","3,796.40","4,019.70","1,290.05",2579151,"9,791,491,346.00",197330
"28-Sep-2021","EQ","3,895.00","3,975.00","3,782.00","3,834.90","3,865.30","3,865.60","3,899.63","4,019.70","1,290.05",6577314,"25,649,077,907.80",381898
"27-Sep-2021","EQ","3,735.10","3,865.00","3,701.00","3,689.25","3,864.90","3,834.90","3,783.57","4,019.70","1,290.05",3722464,"14,084,205,672.80",232200
"24-Sep-2021","EQ","3,720.00","3,736.00","3,640.00","3,694.05","3,702.00","3,689.25","3,686.45","4,019.70","1,290.05",1539638,"5,675,802,192.60",129672
"23-Sep-2021","EQ","3,744.00","3,759.00","3,680.00","3,671.30","3,708.00","3,694.05","3,709.79","4,019.70","1,290.05",1430787,"5,307,918,943.55",115976
"22-Sep-2021","EQ","3,674.00","3,750.00","3,640.50","3,624.55","3,683.00","3,671.30","3,694.33","4,019.70","1,290.05",2908094,"10,743,446,936.45",215225
"21-Sep-2021","EQ","3,728.65","3,849.80","3,550.00","3,707.90","3,633.15","3,624.55","3,639.13","4,019.70","1,290.05",5303431,"19,299,861,172.85",391297
"20-Sep-2021","EQ","3,848.80","3,848.80","3,680.20","3,863.40","3,720.00","3,707.90","3,757.62","4,019.70","1,290.05",4695511,"17,643,961,518.05",311091
"17-Sep-2021","EQ","3,820.00","4,019.70","3,790.70","3,769.70","3,875.20","3,863.40","3,917.64","4,019.70","1,290.05",12324159,"48,281,603,424.95",609559
"16-Sep-2021","EQ","3,744.80","3,798.75","3,682.25","3,682.25","3,772.65","3,769.70","3,735.75","3,939.90","1,290.05",3602211,"13,456,975,145.10",219206
"15-Sep-2021","EQ","3,794.00","3,939.90","3,652.25","3,738.45","3,685.25","3,682.25","3,756.58","3,939.90","1,290.05",8556280,"32,142,353,403.50",531276
"14-Sep-2021","EQ","3,487.00","3,758.80","3,476.00","3,435.75","3,723.00","3,738.45","3,647.85","3,758.80","1,290.05",11821825,"43,124,264,453.45",538821
"13-Sep-2021","EQ","3,315.00","3,450.70","3,310.00","3,295.00","3,445.00","3,435.75","3,394.54","3,450.70","1,290.05",4778463,"16,220,692,025.50",222973
"09-Sep-2021","EQ","3,250.00","3,358.00","3,182.25","3,296.40","3,292.95","3,295.00","3,294.22","3,422.65","1,290.05",5665215,"18,662,492,292.95",290068
"08-Sep-2021","EQ","3,330.00","3,422.65","3,265.55","3,286.90","3,272.00","3,296.40","3,339.39","3,422.65","1,290.05",8872794,"29,629,762,556.60",488020
"07-Sep-2021","EQ","3,050.00","3,305.00","3,045.35","3,008.40","3,295.90","3,286.90","3,207.12","3,305.00","1,290.05",11555311,"37,059,261,413.20",504281
"06-Sep-2021","EQ","2,885.60","3,040.00","2,879.15","2,869.90","3,020.00","3,008.40","2,988.87","3,040.00","1,290.05",5060514,"15,125,223,771.55",226581
"03-Sep-2021","EQ","2,844.00","2,897.30","2,826.50","2,829.95","2,868.00","2,869.90","2,864.38","2,897.30","1,290.05",1751547,"5,017,102,140.50",91634
"02-Sep-2021","EQ","2,746.00","2,858.00","2,743.00","2,746.25","2,833.05","2,829.95","2,821.11","2,858.00","1,290.05",2462818,"6,947,884,164.50",116241
"01-Sep-2021","EQ","2,755.00","2,765.40","2,718.00","2,752.00","2,742.05","2,746.25","2,743.72","2,765.40","1,290.05",914965,"2,510,404,083.00",51025
"31-Aug-2021","EQ","2,711.00","2,759.50","2,701.00","2,697.75","2,749.95","2,752.00","2,741.65","2,759.50","1,290.05",2050223,"5,621,001,501.80",94064
"30-Aug-2021","EQ","2,668.00","2,713.00","2,659.00","2,648.70","2,699.10","2,697.75","2,691.24","2,750.00","1,290.05",1328435,"3,575,139,666.00",66689
"27-Aug-2021","EQ","2,625.00","2,656.80","2,605.00","2,621.70","2,648.35","2,648.70","2,639.58","2,750.00","1,290.05",893221,"2,357,730,035.10",44075
"26-Aug-2021","EQ","2,647.95","2,663.90","2,615.00","2,636.50","2,623.00","2,621.70","2,634.47","2,750.00","1,290.05",1401991,"3,693,500,601.55",63537
"25-Aug-2021","EQ","2,576.90","2,653.50","2,570.75","2,564.80","2,633.50","2,636.50","2,620.79","2,750.00","1,290.05",2516531,"6,595,308,947.90",113897
"24-Aug-2021","EQ","2,570.00","2,611.55","2,540.00","2,554.10","2,568.00","2,564.80","2,565.47","2,750.00","1,290.05",1399276,"3,589,806,094.10",75764
"23-Aug-2021","EQ","2,665.00","2,684.95","2,535.55","2,646.30","2,564.90","2,554.10","2,583.99","2,750.00","1,290.05",1711982,"4,423,736,671.90",114020
"20-Aug-2021","EQ","2,700.00","2,713.00","2,611.00","2,719.05","2,643.90","2,646.30","2,665.44","2,750.00","1,290.05",1656007,"4,413,992,286.40",107298
"18-Aug-2021","EQ","2,682.75","2,750.00","2,673.25","2,669.60","2,718.00","2,719.05","2,724.21","2,750.00","1,290.05",2725954,"7,426,073,534.25",123167
"17-Aug-2021","EQ","2,630.00","2,695.00","2,615.00","2,629.60","2,667.35","2,669.60","2,668.18","2,728.85","1,290.05",1650724,"4,404,425,273.30",90804
"16-Aug-2021","EQ","2,673.80","2,673.80","2,612.00","2,660.70","2,632.00","2,629.60","2,638.92","2,728.85","1,290.05",991262,"2,615,861,888.25",64249
"13-Aug-2021","EQ","2,714.30","2,714.30","2,638.00","2,689.80","2,663.70","2,660.70","2,666.39","2,728.85","1,290.05",2337717,"6,233,266,465.85",133252
"12-Aug-2021","EQ","2,593.95","2,728.85","2,572.25","2,572.25","2,694.95","2,689.80","2,658.77","2,728.85","1,290.05",6068398,"16,134,489,744.85",279896
"11-Aug-2021","EQ","2,656.95","2,671.85","2,528.00","2,639.60","2,581.00","2,572.25","2,579.13","2,725.00","1,290.05",2973184,"7,668,239,731.35",152406
"10-Aug-2021","EQ","2,665.00","2,725.00","2,620.00","2,648.20","2,639.00","2,639.60","2,675.48","2,725.00","1,290.05",4543676,"12,156,496,834.45",205943
"09-Aug-2021","EQ","2,500.40","2,680.00","2,497.35","2,487.60","2,659.70","2,648.20","2,596.88","2,680.00","1,290.05",5434449,"14,112,629,450.80",227004
"06-Aug-2021","EQ","2,485.00","2,504.60","2,473.90","2,472.90","2,491.05","2,487.60","2,491.22","2,535.00","1,290.05",710663,"1,770,420,959.75",36187
"05-Aug-2021","EQ","2,501.00","2,522.00","2,465.30","2,491.15","2,475.00","2,472.90","2,490.34","2,535.00","1,290.05",1415170,"3,524,248,291.80",81345
"04-Aug-2021","EQ","2,480.00","2,535.00","2,465.65","2,467.85","2,495.00","2,491.15","2,504.45","2,535.00","1,290.05",2302562,"5,766,659,417.20",107577
"03-Aug-2021","EQ","2,481.25","2,497.50","2,445.00","2,468.90","2,468.05","2,467.85","2,468.57","2,513.00","1,290.05",1719629,"4,245,032,845.05",94432
"02-Aug-2021","EQ","2,469.00","2,513.00","2,422.35","2,331.30","2,466.00","2,468.90","2,476.32","2,513.00","1,290.05",7333311,"18,159,639,087.05",323630
"30-Jul-2021","EQ","2,324.00","2,362.00","2,300.00","2,321.10","2,334.00","2,331.30","2,334.91","2,479.95","1,290.05",871483,"2,034,836,046.95",45438
"29-Jul-2021","EQ","2,287.80","2,343.50","2,286.00","2,283.65","2,328.00","2,321.10","2,318.45","2,479.95","1,290.05",892458,"2,069,116,426.90",43753
"28-Jul-2021","EQ","2,305.00","2,315.00","2,262.85","2,295.55","2,280.00","2,283.65","2,283.87","2,479.95","1,290.05",715806,"1,634,806,139.70",38809
"27-Jul-2021","EQ","2,327.95","2,347.00","2,281.00","2,313.30","2,297.20","2,295.55","2,312.87","2,479.95","1,290.05",926459,"2,142,777,416.70",47369
"26-Jul-2021","EQ","2,334.50","2,365.00","2,302.05","2,325.35","2,315.90","2,313.30","2,334.12","2,479.95","1,290.05",1306299,"3,049,060,474.45",70418
"23-Jul-2021","EQ","2,369.90","2,382.45","2,316.00","2,365.15","2,324.95","2,325.35","2,343.53","2,479.95","1,290.05",1048692,"2,457,639,378.70",66857
"22-Jul-2021","EQ","2,404.00","2,417.05","2,342.00","2,380.65","2,361.70","2,365.15","2,374.80","2,479.95","1,290.05",1349303,"3,204,330,861.40",69436
"20-Jul-2021","EQ","2,436.00","2,479.95","2,370.00","2,424.50","2,376.90","2,380.65","2,428.09","2,479.95","1,290.05",2488163,"6,041,474,811.10",113205
"19-Jul-2021","EQ","2,404.90","2,456.00","2,385.45","2,426.65","2,426.75","2,424.50","2,425.29","2,457.40","1,290.05",2359576,"5,722,658,271.15",97532
"16-Jul-2021","EQ","2,274.00","2,457.40","2,268.75","2,268.30","2,415.00","2,426.65","2,392.43","2,457.40","1,290.05",6928019,"16,574,830,799.35",239961
"15-Jul-2021","EQ","2,266.40","2,297.10","2,251.00","2,266.40","2,269.00","2,268.30","2,273.36","2,297.10","1,290.05",891858,"2,027,513,236.90",38729
"14-Jul-2021","EQ","2,281.90","2,281.90","2,245.55","2,274.45","2,261.65","2,266.40","2,263.35","2,283.95","1,290.05",682352,"1,544,403,494.15",32206
"13-Jul-2021","EQ","2,273.00","2,283.95","2,256.15","2,262.90","2,270.00","2,274.45","2,272.57","2,283.95","1,290.05",1717447,"3,903,011,150.00",71785
"12-Jul-2021","EQ","2,228.95","2,271.90","2,217.25","2,209.25","2,260.00","2,262.90","2,247.79","2,271.90","1,290.05",2088571,"4,694,672,218.50",83881
"09-Jul-2021","EQ","2,193.90","2,224.00","2,168.45","2,193.90","2,208.00","2,209.25","2,200.40","2,248.00","1,290.05",1483111,"3,263,436,336.50",65673
"08-Jul-2021","EQ","2,195.00","2,248.00","2,185.00","2,188.45","2,192.15","2,193.90","2,217.71","2,248.00","1,290.05",2645206,"5,866,291,138.00",107832
"07-Jul-2021","EQ","2,168.90","2,199.00","2,160.35","2,168.90","2,186.00","2,188.45","2,186.19","2,222.00","1,290.05",1005371,"2,197,934,041.95",42144
"06-Jul-2021","EQ","2,200.00","2,222.00","2,160.00","2,173.60","2,172.00","2,168.90","2,193.06","2,222.00","1,290.05",3840497,"8,422,448,505.70",156209
"05-Jul-2021","EQ","2,084.00","2,195.00","2,068.15","2,060.55","2,192.00","2,173.60","2,136.25","2,195.00","1,290.05",3150583,"6,730,425,916.75",118342
"02-Jul-2021","EQ","2,048.00","2,068.95","2,037.00","2,034.80","2,064.00","2,060.55","2,050.51","2,184.00","1,290.05",522059,"1,070,487,060.75",25509
"01-Jul-2021","EQ","2,047.80","2,058.85","2,030.30","2,033.85","2,041.00","2,034.80","2,043.24","2,184.00","1,290.05",750998,"1,534,466,977.45",35130
"30-Jun-2021","EQ","2,060.55","2,103.75","2,021.45","2,081.85","2,039.00","2,033.85","2,048.41","2,184.00","1,290.05",2562914,"5,249,889,353.95",112807
"29-Jun-2021","EQ","2,092.00","2,126.90","2,065.05","2,077.75","2,070.00","2,081.85","2,102.04","2,184.00","1,290.05",1673477,"3,517,714,033.50",72968
"28-Jun-2021","EQ","2,084.00","2,112.45","2,068.40","2,068.85","2,082.35","2,077.75","2,087.82","2,184.00","1,290.05",707732,"1,477,616,845.80",34555
"25-Jun-2021","EQ","2,084.35","2,088.50","2,053.10","2,072.95","2,069.95","2,068.85","2,070.87","2,184.00","1,290.05",475822,"985,364,846.50",26908
"24-Jun-2021","EQ","2,098.00","2,098.00","2,066.00","2,078.25","2,072.30","2,072.95","2,081.73","2,184.00","1,290.05",541514,"1,127,284,454.80",25749
"23-Jun-2021","EQ","2,102.00","2,111.40","2,072.00","2,083.00","2,083.95","2,078.25","2,089.56","2,184.00","1,290.05",809624,"1,691,756,399.25",37646
"22-Jun-2021","EQ","2,100.00","2,128.35","2,075.00","2,076.85","2,084.25","2,083.00","2,105.90","2,184.00","1,290.05",1285749,"2,707,660,777.45",61282
"21-Jun-2021","EQ","2,000.00","2,093.75","1,981.15","2,011.70","2,078.00","2,076.85","2,060.29","2,184.00","1,290.05",1693260,"3,488,603,472.05",76320
"18-Jun-2021","EQ","2,070.25","2,070.25","1,978.65","2,050.40","2,018.00","2,011.70","2,010.71","2,184.00","1,290.05",1304337,"2,622,648,363.10",76283
"17-Jun-2021","EQ","2,070.00","2,088.95","2,036.40","2,089.95","2,056.00","2,050.40","2,063.40","2,184.00","1,290.05",754284,"1,556,391,956.40",44446
"16-Jun-2021","EQ","2,109.45","2,121.95","2,075.30","2,097.95","2,086.00","2,089.95","2,103.17","2,184.00","1,290.05",856943,"1,802,299,614.55",45820
"15-Jun-2021","EQ","2,071.00","2,139.85","2,062.00","2,064.40","2,100.00","2,097.95","2,114.33","2,184.00","1,290.05",1912498,"4,043,645,748.45",97657
"14-Jun-2021","EQ","2,089.95","2,092.00","2,025.00","2,093.75","2,070.00","2,064.40","2,058.95","2,184.00","1,290.05",1002396,"2,063,886,599.55",73649
"11-Jun-2021","EQ","2,115.00","2,132.00","2,081.00","2,106.35","2,099.00","2,093.75","2,108.02","2,184.00","1,290.05",844059,"1,779,290,319.45",49038
"10-Jun-2021","EQ","2,093.50","2,121.00","2,051.65","2,071.20","2,109.70","2,106.35","2,096.22","2,184.00","1,290.05",1795502,"3,763,770,412.45",72054
"09-Jun-2021","EQ","2,160.00","2,163.00","2,060.00","2,144.85","2,086.00","2,071.20","2,104.46","2,184.00","1,290.05",2335741,"4,915,474,647.15",103705
"08-Jun-2021","EQ","2,130.95","2,184.00","2,122.00","2,094.80","2,151.00","2,144.85","2,157.04","2,184.00","1,290.05",6490285,"13,999,800,911.95",237750
"07-Jun-2021","EQ","1,939.00","2,113.85","1,926.70","1,921.70","2,113.85","2,094.80","2,053.54","2,113.85","1,290.05",6144067,"12,617,071,282.15",218051
"04-Jun-2021","EQ","1,937.00","1,937.00","1,913.55","1,921.80","1,922.00","1,921.70","1,924.04","2,073.00","1,290.05",359621,"691,923,783.05",20953
"03-Jun-2021","EQ","1,928.00","1,948.60","1,916.00","1,917.95","1,921.35","1,921.80","1,926.84","2,073.00","1,290.05",549947,"1,059,659,308.70",31093
"02-Jun-2021","EQ","1,899.95","1,927.50","1,895.25","1,894.60","1,917.00","1,917.95","1,913.84","2,073.00","1,290.05",576755,"1,103,815,767.30",27337
"01-Jun-2021","EQ","1,911.80","1,922.65","1,888.00","1,903.20","1,898.00","1,894.60","1,900.90","2,073.00","1,290.05",419742,"797,888,437.15",23610
"31-May-2021","EQ","1,909.85","1,919.00","1,897.15","1,896.25","1,906.00","1,903.20","1,907.14","2,073.00","1,290.05",497158,"948,148,576.65",25792
"28-May-2021","EQ","1,928.00","1,928.35","1,888.85","1,928.35","1,897.95","1,896.25","1,905.84","2,073.00","1,290.05",671277,"1,279,346,998.55",41579
"27-May-2021","EQ","1,900.00","1,941.15","1,876.00","1,894.05","1,919.00","1,928.35","1,919.40","2,073.00","1,290.05",2284298,"4,384,482,971.25",66325
"26-May-2021","EQ","1,920.00","1,930.05","1,888.00","1,907.95","1,892.00","1,894.05","1,910.85","2,073.00","1,290.05",922757,"1,763,254,113.80",43875
"25-May-2021","EQ","1,901.50","1,914.00","1,890.00","1,884.50","1,905.90","1,907.95","1,903.19","2,073.00","1,290.05",989516,"1,883,234,264.90",50391
"24-May-2021","EQ","1,870.00","1,902.80","1,867.40","1,862.00","1,887.00","1,884.50","1,889.48","2,073.00","1,290.05",1271177,"2,401,864,440.95",55091
"21-May-2021","EQ","1,860.00","1,894.70","1,850.05","1,855.65","1,860.00","1,862.00","1,877.50","2,073.00","1,245.65",1200153,"2,253,288,564.00",52869
"20-May-2021","EQ","1,862.00","1,870.40","1,822.80","1,858.10","1,856.00","1,855.65","1,855.87","2,073.00","1,245.65",959830,"1,781,320,444.60",41733
"19-May-2021","EQ","1,844.00","1,884.95","1,840.00","1,835.05","1,853.50","1,858.10","1,865.41","2,073.00","1,245.65",2098770,"3,915,073,699.40",82675
"18-May-2021","EQ","1,780.00","1,842.75","1,770.25","1,762.10","1,836.05","1,835.05","1,818.67","2,073.00","1,245.65",1905360,"3,465,228,733.45",74825
"17-May-2021","EQ","1,763.15","1,781.00","1,743.00","1,747.65","1,763.00","1,762.10","1,766.06","2,073.00","1,245.65",774812,"1,368,367,887.80",32543
"14-May-2021","EQ","1,760.00","1,774.00","1,730.00","1,746.60","1,751.60","1,747.65","1,755.61","2,073.00","1,245.65",1171451,"2,056,606,897.30",46480
"12-May-2021","EQ","1,799.00","1,829.00","1,732.80","1,792.30","1,741.00","1,746.60","1,759.03","2,073.00","1,245.65",1627887,"2,863,503,533.35",72740
"11-May-2021","EQ","1,725.00","1,800.40","1,723.05","1,748.65","1,793.00","1,792.30","1,772.15","2,073.00","1,245.65",1297267,"2,298,948,174.15",52090
"10-May-2021","EQ","1,700.00","1,757.50","1,690.95","1,693.40","1,753.00","1,748.65","1,733.42","2,073.00","1,245.65",1028911,"1,783,534,352.35",41987
"07-May-2021","EQ","1,700.00","1,709.85","1,681.50","1,725.20","1,694.55","1,693.40","1,695.64","2,073.00","1,190.00",831099,"1,409,241,149.55",43980
"06-May-2021","EQ","1,735.50","1,744.00","1,716.05","1,723.65","1,721.05","1,725.20","1,728.41","2,073.00","1,190.00",477236,"824,859,437.35",19807
"05-May-2021","EQ","1,775.00","1,782.95","1,715.00","1,770.20","1,729.95","1,723.65","1,729.92","2,073.00","1,190.00",1215718,"2,103,100,070.60",51758
"04-May-2021","EQ","1,785.00","1,789.05","1,761.00","1,765.55","1,773.20","1,770.20","1,770.88","2,073.00","1,190.00",586043,"1,037,814,291.20",24663
"03-May-2021","EQ","1,761.00","1,781.95","1,753.00","1,791.40","1,768.50","1,765.55","1,765.53","2,073.00","1,190.00",773316,"1,365,310,978.45",35310
"30-Apr-2021","EQ","1,784.90","1,809.15","1,757.75","1,792.55","1,780.00","1,791.40","1,785.04","2,073.00","1,190.00",756655,"1,350,659,357.25",29408
"29-Apr-2021","EQ","1,801.00","1,818.00","1,765.30","1,795.85","1,792.10","1,792.55","1,793.34","2,073.00","1,190.00",1212095,"2,173,697,784.90",47572
"28-Apr-2021","EQ","1,800.00","1,818.00","1,775.00","1,793.20","1,790.50","1,795.85","1,798.78","2,073.00","1,190.00",1538029,"2,766,575,416.90",57849
"27-Apr-2021","EQ","1,730.00","1,802.60","1,714.65","1,730.85","1,794.10","1,793.20","1,769.79","2,073.00","1,190.00",2259767,"3,999,316,109.10",79388
"26-Apr-2021","EQ","1,721.90","1,739.25","1,718.00","1,712.00","1,730.90","1,730.85","1,728.91","2,073.00","1,190.00",791759,"1,368,879,536.35",32355
"23-Apr-2021","EQ","1,670.00","1,717.90","1,661.00","1,673.05","1,714.70","1,712.00","1,703.74","2,073.00","1,190.00",1629474,"2,776,197,737.95",65406
"22-Apr-2021","EQ","1,614.00","1,681.00","1,614.00","1,640.05","1,670.05","1,673.05","1,656.47","2,073.00","1,190.00",988502,"1,637,428,445.90",47174
"20-Apr-2021","EQ","1,616.00","1,648.95","1,616.00","1,612.70","1,635.55","1,640.05","1,638.38","2,073.00","1,190.00",1143229,"1,873,038,874.20",45580
"19-Apr-2021","EQ","1,550.00","1,620.00","1,550.00","1,627.45","1,606.00","1,612.70","1,595.20","2,073.00","1,190.00",1193238,"1,903,454,690.85",53779
"16-Apr-2021","EQ","1,611.00","1,638.10","1,606.00","1,608.10","1,624.50","1,627.45","1,624.58","2,073.00","1,190.00",968083,"1,572,729,716.70",35026
"15-Apr-2021","EQ","1,592.10","1,632.90","1,589.00","1,611.65","1,606.70","1,608.10","1,607.65","2,073.00","1,190.00",1158163,"1,861,925,084.65",44369
"13-Apr-2021","EQ","1,582.05","1,623.00","1,582.05","1,582.00","1,615.20","1,611.65","1,605.62","2,073.00","1,190.00",1226264,"1,968,908,375.40",61428
"12-Apr-2021","EQ","1,680.20","1,697.70","1,573.45","1,730.90","1,589.00","1,582.00","1,616.04","2,073.00","1,190.00",2807259,"4,536,632,128.80",175471
"09-Apr-2021","EQ","1,730.00","1,753.70","1,715.00","1,726.40","1,730.00","1,730.90","1,735.08","2,073.00","1,099.00",1250823,"2,170,277,623.90",49562
"08-Apr-2021","EQ","1,698.80","1,739.20","1,680.00","1,709.00","1,729.50","1,726.40","1,715.49","2,073.00","1,099.00",1940435,"3,328,789,200.30",81938
"07-Apr-2021","EQ","1,684.20","1,721.40","1,673.00","1,688.55","1,706.90","1,709.00","1,697.60","2,073.00","1,099.00",1467086,"2,490,520,762.50",66086
"06-Apr-2021","EQ","1,702.65","1,719.00","1,683.00","1,702.65","1,689.00","1,688.55","1,699.91","2,073.00","1,099.00",1011705,"1,719,808,210.40",48137
"05-Apr-2021","EQ","1,726.00","1,737.95","1,677.40","1,751.75","1,704.50","1,702.65","1,700.81","2,073.00","1,099.00",1622830,"2,760,129,327.15",92917
"01-Apr-2021","EQ","1,760.00","1,779.45","1,750.00","1,757.00","1,752.00","1,751.75","1,760.33","2,073.00","858.15",944947,"1,663,415,454.40",41728
"31-Mar-2021","EQ","1,758.70","1,774.95","1,735.00","1,755.25","1,751.00","1,757.00","1,756.62","2,073.00","858.15",1086001,"1,907,686,142.60",42497
"30-Mar-2021","EQ","1,740.40","1,774.00","1,740.40","1,747.40","1,755.85","1,755.25","1,753.26","2,073.00","858.15",1473085,"2,582,698,929.20",57416
"26-Mar-2021","EQ","1,750.00","1,770.00","1,718.30","1,721.85","1,744.95","1,747.40","1,742.61","2,073.00","774.65",1776133,"3,095,098,704.60",66364
"25-Mar-2021","EQ","1,769.00","1,769.00","1,705.00","1,760.55","1,727.85","1,721.85","1,726.55","2,073.00","774.65",2167692,"3,742,621,430.25",97926
"24-Mar-2021","EQ","1,829.70","1,836.80","1,750.40","1,842.15","1,770.00","1,760.55","1,791.33","2,073.00","774.65",2089103,"3,742,277,838.70",97863
"23-Mar-2021","EQ","1,848.50","1,861.00","1,831.00","1,838.05","1,835.05","1,842.15","1,845.45","2,073.00","774.65",1320265,"2,436,483,027.30",57185
"22-Mar-2021","EQ","1,857.00","1,879.00","1,804.15","1,855.45","1,837.00","1,838.05","1,845.12","2,073.00","774.65",2250190,"4,151,872,129.55",96566
"19-Mar-2021","EQ","1,750.00","1,875.00","1,703.00","1,766.65","1,857.00","1,855.45","1,781.84","2,073.00","774.65",4907008,"8,743,515,361.45",206283
"18-Mar-2021","EQ","1,838.00","1,860.00","1,740.00","1,824.00","1,782.00","1,766.65","1,794.65","2,073.00","774.65",3667455,"6,581,798,567.25",195945
"17-Mar-2021","EQ","1,905.00","1,919.45","1,801.00","1,904.05","1,815.00","1,824.00","1,864.47","2,073.00","774.65",2363751,"4,407,132,286.65",124536
"16-Mar-2021","EQ","1,928.60","1,939.70","1,890.00","1,947.05","1,901.00","1,904.05","1,911.82","2,073.00","774.65",2205067,"4,215,696,631.85",110447
"15-Mar-2021","EQ","2,006.45","2,006.45","1,915.00","1,987.35","1,946.00","1,947.05","1,946.97","2,073.00","774.65",2109912,"4,107,940,655.75",107258
"12-Mar-2021","EQ","2,030.00","2,063.70","1,965.00","2,018.50","1,988.90","1,987.35","2,017.78","2,073.00","774.65",2502959,"5,050,431,782.85",127409
"10-Mar-2021","EQ","2,045.00","2,047.80","2,007.00","2,026.70","2,017.90","2,018.50","2,025.80","2,073.00","774.65",1695813,"3,435,376,806.15",66988
"09-Mar-2021","EQ","2,050.00","2,073.00","2,015.00","2,015.45","2,027.00","2,026.70","2,045.00","2,073.00","774.65",4782464,"9,780,155,371.60",179515
"08-Mar-2021","EQ","1,960.00","2,027.00","1,926.60","1,940.85","2,023.00","2,015.45","1,985.66","2,027.00","774.65",4183381,"8,306,768,302.95",170104
"05-Mar-2021","EQ","1,969.95","1,998.40","1,896.00","1,961.10","1,944.70","1,940.85","1,947.91","2,015.80","774.65",3595828,"7,004,333,786.45",156728
"04-Mar-2021","EQ","1,885.00","2,015.80","1,870.00","1,886.10","1,957.15","1,961.10","1,971.94","2,015.80","774.65",9592188,"18,915,245,870.60",353489
"03-Mar-2021","EQ","1,899.00","1,930.00","1,880.00","1,897.65","1,887.85","1,886.10","1,902.18","1,988.00","774.65",1831971,"3,484,738,605.90",81505
"02-Mar-2021","EQ","1,970.50","1,988.00","1,870.05","1,938.45","1,899.00","1,897.65","1,918.04","1,988.00","774.65",5559277,"10,662,943,448.55",255659
"01-Mar-2021","EQ","1,787.95","1,974.85","1,775.55","1,759.65","1,972.00","1,938.45","1,878.90","1,974.85","774.65",6616257,"12,431,257,514.55",293717
"26-Feb-2021","EQ","1,695.00","1,809.95","1,680.00","1,726.95","1,755.00","1,759.65","1,771.86","1,994.00","774.65",5127721,"9,085,613,118.35",246933
"25-Feb-2021","EQ","1,685.00","1,739.75","1,670.00","1,675.45","1,724.80","1,726.95","1,715.36","1,994.00","774.65",1907444,"3,271,951,555.85",94748
"24-Feb-2021","EQ","1,638.00","1,697.00","1,630.10","1,632.90","1,677.00","1,675.45","1,664.52","1,994.00","774.65",647085,"1,077,086,875.15",33583
"23-Feb-2021","EQ","1,614.95","1,642.10","1,592.80","1,615.85","1,634.55","1,632.90","1,626.56","1,994.00","774.65",937489,"1,524,878,498.55",46171
"22-Feb-2021","EQ","1,675.00","1,675.00","1,598.00","1,675.40","1,608.00","1,615.85","1,636.96","1,994.00","774.65",1717799,"2,811,971,644.60",92374
"19-Feb-2021","EQ","1,702.95","1,715.25","1,655.95","1,701.20","1,685.50","1,675.40","1,687.07","1,994.00","774.65",997364,"1,682,619,255.05",49018
"18-Feb-2021","EQ","1,686.05","1,726.00","1,686.05","1,698.65","1,700.00","1,701.20","1,702.63","1,994.00","774.65",936104,"1,593,841,376.85",46956
"17-Feb-2021","EQ","1,672.00","1,730.00","1,657.00","1,674.15","1,696.20","1,698.65","1,701.24","1,994.00","774.65",2092090,"3,559,141,803.15",106520
"16-Feb-2021","EQ","1,718.00","1,733.75","1,662.00","1,713.10","1,679.00","1,674.15","1,694.00","1,994.00","774.65",1776370,"3,009,164,197.75",100691
"15-Feb-2021","EQ","1,734.00","1,745.00","1,682.00","1,731.90","1,714.75","1,713.10","1,716.69","1,994.00","774.65",2921000,"5,014,455,448.30",154537
"12-Feb-2021","EQ","1,627.45","1,767.70","1,626.00","1,619.00","1,721.55","1,731.90","1,692.61","1,994.00","774.65",7299539,"12,355,257,887.85",252838
"11-Feb-2021","EQ","1,626.00","1,636.95","1,611.75","1,618.40","1,618.30","1,619.00","1,625.69","1,994.00","774.65",1120998,"1,822,399,979.90",47206
"10-Feb-2021","EQ","1,648.40","1,674.00","1,611.10","1,641.75","1,621.50","1,618.40","1,635.70","1,994.00","774.65",3051054,"4,990,623,209.85",110219
"09-Feb-2021","EQ","1,624.00","1,688.90","1,592.00","1,618.70","1,643.80","1,641.75","1,646.87","1,994.00","774.65",5315247,"8,753,513,964.45",197964
"08-Feb-2021","EQ","1,569.80","1,629.00","1,562.00","1,555.00","1,615.50","1,618.70","1,605.11","1,994.00","774.65",4852761,"7,789,239,293.70",182220
"05-Feb-2021","EQ","1,549.70","1,568.00","1,515.00","1,518.90","1,553.00","1,555.00","1,541.60","1,994.00","774.65",3005886,"4,633,870,024.40",141932
"04-Feb-2021","EQ","1,474.80","1,540.00","1,464.25","1,469.35","1,539.20","1,518.90","1,504.41","1,994.00","774.65",2205120,"3,317,394,820.75",81814
"03-Feb-2021","EQ","1,477.40","1,498.00","1,462.15","1,470.50","1,470.50","1,469.35","1,482.92","1,994.00","774.65",1862533,"2,761,995,182.95",70301
"02-Feb-2021","EQ","1,468.00","1,478.00","1,461.35","1,459.90","1,471.75","1,470.50","1,469.03","1,994.00","774.65",1063176,"1,561,832,369.65",39906
"01-Feb-2021","EQ","1,469.75","1,497.70","1,451.15","1,456.10","1,459.90","1,459.90","1,474.31","1,994.00","774.65",2441698,"3,599,810,514.85",107033
"29-Jan-2021","EQ","1,468.00","1,478.95","1,445.20","1,457.05","1,450.00","1,456.10","1,462.38","1,994.00","774.65",1400736,"2,048,413,598.55",62397
"28-Jan-2021","EQ","1,436.50","1,498.70","1,433.00","1,438.25","1,458.00","1,457.05","1,470.76","1,994.00","774.65",2827956,"4,159,253,793.55",122372
"27-Jan-2021","EQ","1,432.75","1,443.65","1,422.25","1,426.25","1,440.50","1,438.25","1,433.52","1,994.00","774.65",823107,"1,179,939,186.95",34223
"25-Jan-2021","EQ","1,433.00","1,445.45","1,417.05","1,432.45","1,427.55","1,426.25","1,432.09","1,994.00","774.65",699480,"1,001,718,134.95",36546
"22-Jan-2021","EQ","1,454.00","1,462.45","1,423.10","1,454.50","1,434.00","1,432.45","1,441.08","1,994.00","774.65",882007,"1,271,046,840.20",43474
"21-Jan-2021","EQ","1,460.00","1,483.15","1,450.00","1,452.70","1,456.00","1,454.50","1,466.48","1,994.00","774.65",1208440,"1,772,154,806.85",69058
"20-Jan-2021","EQ","1,450.00","1,458.40","1,437.00","1,443.50","1,451.70","1,452.70","1,449.25","1,994.00","774.65",574115,"832,035,806.90",27596
"19-Jan-2021","EQ","1,438.00","1,447.85","1,432.80","1,423.35","1,446.60","1,443.50","1,441.63","1,994.00","774.65",577500,"832,541,098.55",26326
"18-Jan-2021","EQ","1,448.45","1,461.85","1,417.70","1,441.20","1,419.95","1,423.35","1,435.98","1,994.00","774.65",1265872,"1,817,769,702.05",74756
"15-Jan-2021","EQ","1,468.45","1,470.00","1,437.00","1,463.10","1,443.00","1,441.20","1,450.66","1,994.00","774.65",996644,"1,445,793,714.75",54522
"14-Jan-2021","EQ","1,468.45","1,482.15","1,452.45","1,461.15","1,466.00","1,463.10","1,469.70","1,994.00","774.65",1123619,"1,651,379,208.00",46158
"13-Jan-2021","EQ","1,492.00","1,493.55","1,442.20","1,480.45","1,461.00","1,461.15","1,470.09","1,994.00","774.65",1180696,"1,735,733,089.60",48300
"12-Jan-2021","EQ","1,460.70","1,497.00","1,454.00","1,460.70","1,486.00","1,480.45","1,478.98","1,994.00","774.65",1804821,"2,669,288,334.10",85946
"11-Jan-2021","EQ","1,482.35","1,484.00","1,452.00","1,471.50","1,463.35","1,460.70","1,470.99","1,994.00","774.65",1029958,"1,515,056,142.05",59080
"08-Jan-2021","EQ","1,504.00","1,509.80","1,460.75","1,489.45","1,471.55","1,471.50","1,488.38","1,994.00","774.65",1568909,"2,335,125,212.70",71467
"07-Jan-2021","EQ","1,494.00","1,509.90","1,480.00","1,483.45","1,495.90","1,489.45","1,494.00","1,994.00","774.65",1769008,"2,642,889,472.40",72114
"06-Jan-2021","EQ","1,461.95","1,514.90","1,449.00","1,456.85","1,481.00","1,483.45","1,483.99","1,994.00","774.65",4244765,"6,299,179,955.30",168400
"05-Jan-2021","EQ","1,443.70","1,463.00","1,431.45","1,451.05","1,457.05","1,456.85","1,450.92","1,994.00","774.65",1238935,"1,797,594,246.60",47098
"04-Jan-2021","EQ","1,462.00","1,468.00","1,445.00","1,445.00","1,450.35","1,451.05","1,453.85","1,994.00","774.65",1052506,"1,530,183,138.80",48070
"01-Jan-2021","EQ","1,447.00","1,459.00","1,440.10","1,437.80","1,448.05","1,445.00","1,448.79","1,994.00","774.65",1164188,"1,686,667,729.30",38451
"31-Dec-2020","EQ","1,445.00","1,465.00","1,430.75","1,434.95","1,438.30","1,437.80","1,450.50","1,994.00","774.65",2644030,"3,835,173,671.30",86910
"30-Dec-2020","EQ","1,420.00","1,443.00","1,408.00","1,410.80","1,442.00","1,434.95","1,425.91","1,994.00","774.65",1637204,"2,334,503,354.65",55821
"29-Dec-2020","EQ","1,426.00","1,427.90","1,408.00","1,417.95","1,410.00","1,410.80","1,415.31","1,994.00","774.65",928547,"1,314,180,197.95",38347
"28-Dec-2020","EQ","1,420.00","1,438.30","1,411.10","1,408.95","1,418.90","1,417.95","1,423.86","1,994.00","774.65",1324341,"1,885,671,449.85",57136
"24-Dec-2020","EQ","1,421.00","1,428.40","1,403.20","1,411.55","1,410.00","1,408.95","1,416.74","1,994.00","774.65",1242982,"1,760,976,746.00",41958
"23-Dec-2020","EQ","1,404.40","1,423.50","1,379.05","1,399.05","1,410.50","1,411.55","1,408.91","1,994.00","774.65",1632777,"2,300,433,026.45",71616
"22-Dec-2020","EQ","1,374.00","1,408.95","1,336.45","1,373.50","1,403.25","1,399.05","1,369.56","1,994.00","774.65",2680817,"3,671,544,799.70",146478
"21-Dec-2020","EQ","1,423.80","1,437.50","1,359.00","1,424.50","1,368.00","1,373.50","1,402.04","1,994.00","774.65",2556756,"3,584,681,763.85",148566
"18-Dec-2020","EQ","1,430.00","1,456.50","1,410.00","1,424.85","1,419.00","1,424.50","1,431.28","1,994.00","774.65",3269771,"4,679,970,220.75",114346
"17-Dec-2020","EQ","1,431.00","1,441.10","1,420.25","1,423.40","1,427.00","1,424.85","1,430.29","1,994.00","774.65",1327523,"1,898,747,780.45",78989
"16-Dec-2020","EQ","1,453.80","1,455.90","1,420.00","1,441.00","1,426.00","1,423.40","1,433.84","1,994.00","774.65",3560008,"5,104,491,678.65",131431
"15-Dec-2020","EQ","1,494.90","1,498.00","1,431.10","1,479.00","1,439.05","1,441.00","1,453.05","1,994.00","774.65",5273914,"7,663,246,595.45",193289
"14-Dec-2020","EQ","1,424.90","1,508.70","1,422.05","1,421.00","1,478.00","1,479.00","1,475.80","1,994.00","774.65",9444600,"13,938,348,800.95",273051
"11-Dec-2020","EQ","1,403.95","1,448.80","1,400.00","1,452.75","1,424.25","1,421.00","1,426.17","1,994.00","774.65",9772926,"13,937,814,644.90",255727
"10-Dec-2020","EQ","1,405.00","1,524.65","1,405.00","1,617.75","1,433.00","1,452.75","1,475.18","1,994.00","774.65",17186934,"25,353,896,423.70",446145
"09-Dec-2020","EQ","1,666.60","1,701.25","1,601.00","1,648.50","1,625.00","1,617.75","1,637.86","1,994.00","774.65",3686437,"6,037,865,576.60",140357
"08-Dec-2020","EQ","1,706.80","1,800.00","1,596.60","1,691.55","1,645.00","1,648.50","1,709.39","1,994.00","774.65",6108179,"10,441,277,135.25",247778
"07-Dec-2020","EQ","1,585.00","1,720.00","1,583.00","1,570.60","1,678.00","1,691.55","1,688.93","1,994.00","774.65",7808616,"13,188,244,170.70",279176
"04-Dec-2020","EQ","1,382.00","1,597.00","1,382.00","1,378.05","1,578.00","1,570.60","1,530.56","1,994.00","774.65",10432630,"15,967,737,433.35",451660
"03-Dec-2020","EQ","1,364.00","1,396.05","1,350.00","1,349.90","1,377.00","1,378.05","1,377.16","1,994.00","774.65",631548,"869,742,529.70",32540
"02-Dec-2020","EQ","1,368.00","1,368.80","1,346.55","1,358.10","1,354.95","1,349.90","1,355.57","1,994.00","774.65",186840,"253,273,861.10",10739
"01-Dec-2020","EQ","1,358.00","1,368.00","1,353.50","1,353.45","1,359.90","1,358.10","1,362.20","1,994.00","774.65",189344,"257,924,017.80",11233
"27-Nov-2020","EQ","1,346.30","1,366.75","1,346.30","1,351.35","1,352.70","1,353.45","1,353.68","1,994.00","774.65",198922,"269,276,007.70",12323
"26-Nov-2020","EQ","1,356.00","1,359.95","1,346.30","1,353.90","1,351.80","1,351.35","1,351.60","1,994.00","774.65",122926,"166,146,297.45",8734
"25-Nov-2020","EQ","1,370.00","1,370.00","1,353.00","1,362.30","1,353.75","1,353.90","1,358.33","1,994.00","774.65",189928,"257,983,987.00",13811
"24-Nov-2020","EQ","1,370.20","1,379.20","1,357.00","1,362.35","1,363.95","1,362.30","1,368.78","1,994.00","774.65",224459,"307,235,668.55",12900
"23-Nov-2020","EQ","1,368.00","1,374.00","1,357.00","1,381.15","1,361.90","1,362.35","1,362.76","1,994.00","774.65",322526,"439,525,437.20",18460
"20-Nov-2020","EQ","1,390.00","1,399.00","1,361.65","1,376.05","1,374.00","1,381.15","1,381.55","1,994.00","774.65",503583,"695,727,208.05",27321
"19-Nov-2020","EQ","1,364.00","1,380.00","1,360.00","1,365.30","1,378.00","1,376.05","1,373.68","1,994.00","774.65",227210,"312,114,178.00",12860
"18-Nov-2020","EQ","1,365.00","1,370.95","1,352.10","1,380.30","1,367.00","1,365.30","1,364.13","1,994.00","774.65",311995,"425,603,194.35",17631
"17-Nov-2020","EQ","1,398.65","1,407.00","1,372.60","1,398.65","1,384.05","1,380.30","1,385.36","1,994.00","774.65",418712,"580,068,421.35",22182
"14-Nov-2020","EQ","1,405.00","1,405.00","1,389.25","1,389.25","1,398.90","1,398.65","1,399.10","1,994.00","774.65",149588,"209,288,051.25",11480
"13-Nov-2020","EQ","1,369.00","1,403.00","1,365.90","1,381.45","1,386.80","1,389.25","1,390.67","1,994.00","774.65",619636,"861,707,833.90",29139
"12-Nov-2020","EQ","1,375.00","1,400.00","1,355.10","1,371.25","1,380.00","1,381.45","1,382.23","1,994.00","774.65",494237,"683,151,051.95",22407
"11-Nov-2020","EQ","1,398.00","1,407.00","1,343.00","1,374.35","1,367.55","1,371.25","1,373.93","1,994.00","774.65",611896,"840,702,220.65",27747
"10-Nov-2020","EQ","1,325.00","1,416.85","1,322.05","1,312.85","1,375.60","1,374.35","1,385.50","1,994.00","774.65",1889923,"2,618,488,008.20",97290
"09-Nov-2020","EQ","1,318.00","1,322.55","1,311.00","1,311.20","1,314.00","1,312.85","1,315.53","1,994.00","774.65",134488,"176,922,343.60",9399
"06-Nov-2020","EQ","1,318.00","1,318.40","1,308.30","1,310.40","1,309.70","1,311.20","1,312.33","1,994.00","774.65",108108,"141,872,837.05",7481
"05-Nov-2020","EQ","1,301.10","1,316.55","1,301.10","1,300.55","1,311.95","1,310.40","1,309.43","1,994.00","774.65",159682,"209,092,627.50",9397
"04-Nov-2020","EQ","1,292.85","1,308.80","1,290.05","1,301.45","1,300.00","1,300.55","1,299.00","1,994.00","774.65",128498,"166,919,443.05",9946
"03-Nov-2020","EQ","1,303.00","1,311.50","1,300.00","1,302.25","1,300.50","1,301.45","1,304.95","1,994.00","774.65",107309,"140,033,342.15",8278
"02-Nov-2020","EQ","1,320.20","1,321.75","1,300.00","1,315.20","1,301.50","1,302.25","1,306.89","1,994.00","774.65",123930,"161,962,457.10",10562
"30-Oct-2020","EQ","1,322.80","1,329.45","1,310.00","1,330.60","1,314.95","1,315.20","1,319.48","1,994.00","774.65",116348,"153,518,851.05",8777
"29-Oct-2020","EQ","1,310.00","1,340.00","1,310.00","1,333.35","1,331.00","1,330.60","1,323.02","1,994.00","774.65",165784,"219,336,129.65",10728
"28-Oct-2020","EQ","1,324.00","1,339.00","1,310.00","1,326.00","1,334.00","1,333.35","1,329.49","1,994.00","774.65",185018,"245,979,415.85",10106
"27-Oct-2020","EQ","1,326.00","1,328.90","1,297.05","1,320.65","1,327.00","1,326.00","1,317.43","1,994.00","774.65",214182,"282,169,072.65",14251
"26-Oct-2020","EQ","1,329.00","1,331.00","1,318.00","1,327.95","1,323.00","1,320.65","1,321.70","1,994.00","774.65",159576,"210,911,143.90",12424
"23-Oct-2020","EQ","1,329.00","1,332.85","1,327.00","1,327.75","1,328.50","1,327.95","1,328.97","1,994.00","774.65",84503,"112,301,629.30",6084
"22-Oct-2020","EQ","1,333.00","1,337.70","1,326.35","1,331.75","1,328.00","1,327.75","1,329.81","1,994.00","774.65",90626,"120,515,207.55",8024
"21-Oct-2020","EQ","1,336.55","1,343.90","1,328.00","1,332.20","1,331.60","1,331.75","1,336.79","1,994.00","774.65",156434,"209,120,052.00",9521
"20-Oct-2020","EQ","1,326.00","1,342.70","1,326.00","1,326.90","1,330.95","1,332.20","1,333.65","1,994.00","774.65",212949,"283,999,238.00",11585
"19-Oct-2020","EQ","1,330.00","1,335.00","1,325.30","1,328.10","1,326.00","1,326.90","1,329.41","1,994.00","774.65",119596,"158,991,693.00",8522
"16-Oct-2020","EQ","1,329.00","1,340.00","1,325.00","1,329.50","1,330.50","1,328.10","1,330.15","1,994.00","625.00",141609,"188,361,883.70",10795
"15-Oct-2020","EQ","1,340.00","1,347.70","1,326.00","1,338.05","1,329.65","1,329.50","1,337.70","1,994.00","625.00",234817,"314,115,771.10",16085
"14-Oct-2020","EQ","1,350.00","1,357.60","1,331.00","1,336.50","1,338.00","1,338.05","1,341.38","1,994.00","625.00",346035,"464,163,265.80",17965
"13-Oct-2020","EQ","1,338.05","1,348.00","1,333.35","1,334.65","1,337.00","1,336.50","1,340.32","1,994.00","625.00",163871,"219,638,905.70",11349
"12-Oct-2020","EQ","1,355.00","1,369.80","1,330.00","1,351.00","1,336.00","1,334.65","1,348.36","1,994.00","625.00",443935,"598,584,904.15",26226
"09-Oct-2020","EQ","1,366.50","1,366.50","1,348.50","1,355.60","1,350.15","1,351.00","1,356.13","1,994.00","625.00",151208,"205,057,989.95",10375
"08-Oct-2020","EQ","1,368.00","1,369.95","1,350.00","1,356.90","1,357.45","1,355.60","1,361.52","1,994.00","625.00",268484,"365,545,677.10",13660
"07-Oct-2020","EQ","1,370.00","1,376.50","1,349.00","1,363.85","1,356.00","1,356.90","1,363.65","1,994.00","625.00",393986,"537,260,666.75",20537
"06-Oct-2020","EQ","1,363.00","1,373.00","1,360.00","1,376.05","1,363.00","1,363.85","1,367.00","1,994.00","625.00",203011,"277,516,274.30",12335
"05-Oct-2020","EQ","1,390.00","1,391.05","1,356.25","1,379.30","1,377.70","1,376.05","1,372.85","1,994.00","625.00",406746,"558,402,171.15",19983
"01-Oct-2020","EQ","1,410.00","1,410.00","1,370.00","1,384.00","1,382.00","1,379.30","1,387.77","1,994.00","625.00",297196,"412,440,159.85",23042
"30-Sep-2020","EQ","1,383.40","1,419.50","1,368.70","1,383.35","1,370.00","1,384.00","1,396.04","1,994.00","625.00",637109,"889,429,527.50",26593
"29-Sep-2020","EQ","1,370.00","1,395.00","1,364.00","1,367.05","1,382.90","1,383.35","1,380.14","1,994.00","625.00",437120,"603,285,705.05",17767
"28-Sep-2020","EQ","1,360.00","1,372.50","1,355.00","1,352.05","1,364.80","1,367.05","1,364.84","1,994.00","625.00",236418,"322,672,826.50",12898
"25-Sep-2020","EQ","1,360.00","1,360.00","1,340.00","1,338.85","1,353.00","1,352.05","1,349.62","1,994.00","625.00",222705,"300,566,428.05",13315
"24-Sep-2020","EQ","1,352.85","1,366.00","1,332.00","1,372.85","1,336.25","1,338.85","1,345.46","1,994.00","625.00",399473,"537,474,339.05",27556
"23-Sep-2020","EQ","1,365.00","1,380.00","1,353.25","1,355.70","1,373.00","1,372.85","1,365.03","1,994.00","625.00",274748,"375,040,474.20",15269
"22-Sep-2020","EQ","1,390.00","1,390.00","1,330.10","1,397.35","1,357.00","1,355.70","1,357.32","1,994.00","625.00",569167,"772,542,167.50",33696
"21-Sep-2020","EQ","1,425.00","1,430.00","1,380.00","1,405.35","1,391.00","1,397.35","1,408.26","1,994.00","625.00",947382,"1,334,157,596.65",48553
"18-Sep-2020","EQ","1,376.00","1,420.00","1,370.70","1,370.70","1,410.00","1,405.35","1,391.11","1,994.00","625.00",753209,"1,047,794,410.20",33967
"17-Sep-2020","EQ","1,361.00","1,374.10","1,359.00","1,367.40","1,374.00","1,370.70","1,366.00","1,994.00","625.00",330915,"452,030,829.75",16171
"16-Sep-2020","EQ","1,376.00","1,377.00","1,364.00","1,369.80","1,364.50","1,367.40","1,368.21","1,994.00","625.00",232143,"317,621,281.60",13652
"15-Sep-2020","EQ","1,375.00","1,388.00","1,361.15","1,367.85","1,369.00","1,369.80","1,368.45","1,994.00","625.00",298472,"408,445,195.45",13011
"14-Sep-2020","EQ","1,360.00","1,388.00","1,350.00","1,370.55","1,373.00","1,367.85","1,367.56","1,994.00","625.00",861596,"1,178,288,287.35",35059
"11-Sep-2020","EQ","1,369.50","1,376.00","1,351.00","1,370.85","1,375.50","1,370.55","1,365.23","1,994.00","625.00",445384,"608,050,020.05",21472
"10-Sep-2020","EQ","1,360.00","1,383.95","1,350.15","1,348.90","1,369.00","1,370.85","1,365.64","1,994.00","625.00",668786,"913,319,741.00",29151
"09-Sep-2020","EQ","1,350.00","1,358.70","1,321.15","1,379.45","1,355.00","1,348.90","1,339.14","1,994.00","625.00",1900528,"2,545,072,979.45",87184
"08-Sep-2020","EQ","1,421.00","1,459.90","1,350.00","1,414.85","1,374.00","1,379.45","1,428.23","1,994.00","625.00",3200805,"4,571,489,932.20",147235
"07-Sep-2020","EQ","1,390.00","1,451.65","1,366.00","1,365.20","1,415.00","1,414.85","1,418.03","1,994.00","625.00",3210807,"4,553,030,295.70",134608
"04-Sep-2020","EQ","1,348.00","1,369.00","1,348.00","1,368.70","1,366.00","1,365.20","1,360.45","1,994.00","625.00",318122,"432,790,220.65",20060
"03-Sep-2020","EQ","1,366.00","1,388.00","1,361.20","1,359.75","1,369.95","1,368.70","1,375.35","1,994.00","625.00",499625,"687,159,855.30",36157
"02-Sep-2020","EQ","1,363.00","1,369.90","1,353.10","1,351.50","1,359.50","1,359.75","1,360.53","1,994.00","625.00",246512,"335,387,432.75",18865
"01-Sep-2020","EQ","1,336.00","1,365.00","1,336.00","1,344.25","1,348.00","1,351.50","1,344.99","1,994.00","625.00",334563,"449,984,156.75",18795
"31-Aug-2020","EQ","1,399.00","1,399.00","1,336.00","1,366.50","1,342.00","1,344.25","1,360.49","1,994.00","625.00",582689,"792,743,637.65",35676
"28-Aug-2020","EQ","1,366.00","1,379.80","1,362.55","1,367.50","1,367.00","1,366.50","1,370.05","1,994.00","625.00",323813,"443,641,228.00",16587
"27-Aug-2020","EQ","1,374.50","1,384.00","1,365.00","1,369.30","1,368.00","1,367.50","1,372.80","1,994.00","625.00",330141,"453,216,537.40",17330
"26-Aug-2020","EQ","1,345.05","1,387.20","1,342.20","1,341.75","1,370.35","1,369.30","1,372.56","1,994.00","625.00",1102150,"1,512,767,208.80",41913
"25-Aug-2020","EQ","1,348.00","1,355.65","1,340.00","1,338.10","1,342.15","1,341.75","1,345.77","1,994.00","625.00",364439,"490,451,601.45",19241
"24-Aug-2020","EQ","1,342.00","1,350.00","1,335.30","1,341.80","1,338.45","1,338.10","1,341.03","1,994.00","625.00",349571,"468,784,435.90",30704
"21-Aug-2020","EQ","1,350.10","1,358.90","1,335.50","1,347.05","1,342.00","1,341.80","1,349.87","1,994.00","625.00",427626,"577,239,101.00",21742
"20-Aug-2020","EQ","1,345.00","1,357.45","1,332.25","1,361.80","1,347.55","1,347.05","1,348.09","1,994.00","625.00",610627,"823,181,181.75",34619
"19-Aug-2020","EQ","1,386.00","1,402.00","1,338.00","1,377.65","1,354.95","1,361.80","1,367.84","1,994.00","625.00",1279857,"1,750,639,599.55",58718
"18-Aug-2020","EQ","1,380.00","1,389.90","1,375.00","1,383.55","1,378.00","1,377.65","1,380.89","1,994.00","625.00",342010,"472,279,700.55",17845
"17-Aug-2020","EQ","1,378.00","1,403.60","1,360.30","1,368.60","1,383.70","1,383.55","1,381.31","1,994.00","625.00",870687,"1,202,686,998.40",37604
"14-Aug-2020","EQ","1,385.05","1,409.50","1,350.05","1,384.10","1,369.35","1,368.60","1,387.31","1,994.00","625.00",986495,"1,368,577,600.80",46541
"13-Aug-2020","EQ","1,398.00","1,411.90","1,375.10","1,386.80","1,386.40","1,384.10","1,396.46","1,994.00","625.00",688942,"962,082,855.95",32981
"12-Aug-2020","EQ","1,350.00","1,414.00","1,350.00","1,372.05","1,385.00","1,386.80","1,393.21","1,994.00","625.00",1764191,"2,457,883,335.15",84243
"11-Aug-2020","EQ","1,324.00","1,384.30","1,315.05","1,323.75","1,375.00","1,372.05","1,359.36","1,994.00","625.00",1109433,"1,508,123,786.20",50729
"10-Aug-2020","EQ","1,332.00","1,337.00","1,320.45","1,331.35","1,323.00","1,323.75","1,325.68","1,994.00","625.00",307775,"408,009,639.05",21668
"07-Aug-2020","EQ","1,335.00","1,339.00","1,330.00","1,334.55","1,331.15","1,331.35","1,333.96","1,994.00","625.00",270307,"360,579,633.70",18159
"06-Aug-2020","EQ","1,337.50","1,347.05","1,330.20","1,336.95","1,334.90","1,334.55","1,337.45","1,994.00","625.00",300335,"401,684,544.35",17121
"05-Aug-2020","EQ","1,345.00","1,347.00","1,335.00","1,339.80","1,337.55","1,336.95","1,340.76","1,994.00","625.00",221229,"296,614,058.45",13966
"04-Aug-2020","EQ","1,336.00","1,347.90","1,335.20","1,339.70","1,339.95","1,339.80","1,340.72","1,994.00","625.00",226477,"303,641,952.10",14791
"03-Aug-2020","EQ","1,337.00","1,362.00","1,334.20","1,335.85","1,339.40","1,339.70","1,346.45","1,994.00","625.00",293417,"395,072,189.55",16380
"31-Jul-2020","EQ","1,345.80","1,346.70","1,332.15","1,340.70","1,337.95","1,335.85","1,337.39","1,994.00","625.00",214884,"287,384,353.20",15227
"30-Jul-2020","EQ","1,351.00","1,359.95","1,340.00","1,352.75","1,340.80","1,340.70","1,346.41","1,994.00","625.00",261621,"352,249,013.45",18687
"29-Jul-2020","EQ","1,345.00","1,369.00","1,343.05","1,345.55","1,351.80","1,352.75","1,355.63","1,994.00","625.00",385496,"522,588,698.40",21592
"28-Jul-2020","EQ","1,345.00","1,354.00","1,340.00","1,344.85","1,345.95","1,345.55","1,346.08","1,994.00","625.00",256364,"345,087,618.65",16084
"27-Jul-2020","EQ","1,358.00","1,361.05","1,342.05","1,357.85","1,344.80","1,344.85","1,347.30","1,994.00","625.00",320916,"432,369,211.30",22045
"24-Jul-2020","EQ","1,365.10","1,372.00","1,356.00","1,371.50","1,358.00","1,357.85","1,361.57","1,994.00","625.00",376199,"512,219,735.10",24094
"23-Jul-2020","EQ","1,373.10","1,386.00","1,365.05","1,372.95","1,372.05","1,371.50","1,375.85","1,994.00","625.00",419217,"576,779,304.70",21192
"22-Jul-2020","EQ","1,395.00","1,398.70","1,370.00","1,390.20","1,373.50","1,372.95","1,379.38","1,994.00","625.00",458144,"631,952,640.10",29724
"21-Jul-2020","EQ","1,381.50","1,412.20","1,376.45","1,376.45","1,393.90","1,390.20","1,394.71","1,994.00","625.00",1155149,"1,611,098,076.60",52472
"20-Jul-2020","EQ","1,380.00","1,389.00","1,371.00","1,370.95","1,375.70","1,376.45","1,377.60","1,994.00","625.00",505497,"696,370,440.10",27738
"17-Jul-2020","EQ","1,374.00","1,400.00","1,366.70","1,364.20","1,372.35","1,370.95","1,380.60","1,994.00","625.00",807945,"1,115,450,176.40",43902
"16-Jul-2020","EQ","1,355.00","1,379.00","1,335.00","1,351.95","1,362.70","1,364.20","1,351.73","1,994.00","625.00",528436,"714,300,891.15",32856
"15-Jul-2020","EQ","1,365.15","1,379.00","1,350.00","1,362.15","1,355.00","1,351.95","1,362.01","1,994.00","625.00",554120,"754,717,002.45",38163
"14-Jul-2020","EQ","1,387.00","1,387.00","1,355.55","1,397.35","1,363.95","1,362.15","1,370.54","1,994.00","625.00",755567,"1,035,536,183.30",49544
"13-Jul-2020","EQ","1,444.00","1,444.00","1,386.35","1,400.95","1,393.95","1,397.35","1,413.39","1,994.00","625.00",1325294,"1,873,159,967.00",57636
"10-Jul-2020","EQ","1,375.00","1,444.00","1,360.00","1,385.05","1,399.45","1,400.95","1,405.24","1,994.00","625.00",1832270,"2,574,787,300.35",84668
"09-Jul-2020","EQ","1,396.00","1,400.00","1,381.15","1,390.10","1,386.00","1,385.05","1,388.36","1,994.00","625.00",352999,"490,088,139.85",19251
"08-Jul-2020","EQ","1,397.00","1,413.35","1,384.60","1,397.40","1,390.00","1,390.10","1,399.10","1,994.00","625.00",472306,"660,802,078.35",26258
"07-Jul-2020","EQ","1,410.00","1,411.00","1,390.05","1,400.75","1,399.00","1,397.40","1,399.51","1,994.00","625.00",480214,"672,065,934.10",27235
"06-Jul-2020","EQ","1,405.50","1,415.50","1,394.00","1,405.10","1,400.00","1,400.75","1,403.65","1,994.00","625.00",614933,"863,152,539.80",33812
"03-Jul-2020","EQ","1,415.00","1,425.00","1,398.00","1,412.35","1,405.00","1,405.10","1,408.04","1,994.00","625.00",599488,"844,102,324.60",34447
"02-Jul-2020","EQ","1,440.00","1,467.80","1,395.30","1,363.05","1,410.30","1,412.35","1,422.78","1,994.00","625.00",2158418,"3,070,963,895.80",108056
"01-Jul-2020","EQ","1,363.65","1,377.00","1,356.00","1,358.65","1,362.60","1,363.05","1,364.55","1,994.00","625.00",382997,"522,620,041.85",22027
"30-Jun-2020","EQ","1,370.00","1,384.95","1,356.10","1,355.85","1,361.00","1,358.65","1,369.46","1,994.00","625.00",548385,"750,991,740.30",30797
"29-Jun-2020","EQ","1,370.00","1,370.00","1,350.05","1,382.25","1,355.95","1,355.85","1,356.16","1,994.00","625.00",716802,"972,101,114.40",45239
"26-Jun-2020","EQ","1,349.00","1,404.00","1,340.00","1,412.35","1,385.00","1,382.25","1,378.06","1,994.00","625.00",1727846,"2,381,075,909.60",93535
"25-Jun-2020","EQ","1,410.00","1,429.95","1,392.00","1,421.00","1,411.60","1,412.35","1,412.56","1,994.00","625.00",689248,"973,603,890.45",50293
"24-Jun-2020","EQ","1,461.95","1,479.00","1,417.30","1,450.80","1,425.00","1,421.00","1,445.25","1,994.00","625.00",1125681,"1,626,891,654.70",58396
"23-Jun-2020","EQ","1,426.00","1,497.50","1,418.00","1,416.40","1,454.95","1,450.80","1,463.25","1,994.00","625.00",2551183,"3,733,007,067.00",100653
"22-Jun-2020","EQ","1,430.00","1,442.00","1,412.10","1,423.95","1,418.00","1,416.40","1,422.49","1,994.00","625.00",769590,"1,094,731,443.85",45057
"19-Jun-2020","EQ","1,420.00","1,446.00","1,415.00","1,409.60","1,426.95","1,423.95","1,428.17","1,994.00","625.00",1500063,"2,142,340,704.20",51315
"18-Jun-2020","EQ","1,400.00","1,427.70","1,391.35","1,395.10","1,410.00","1,409.60","1,408.48","1,994.00","625.00",649132,"914,288,347.45",30781
"17-Jun-2020","EQ","1,390.00","1,417.80","1,386.05","1,411.05","1,392.95","1,395.10","1,401.40","1,994.00","625.00",510679,"715,666,815.40",30683
"16-Jun-2020","EQ","1,445.00","1,452.75","1,380.80","1,423.25","1,408.60","1,411.05","1,416.59","1,994.00","625.00",891268,"1,262,558,248.30",51169
"15-Jun-2020","EQ","1,425.00","1,449.00","1,410.65","1,425.25","1,422.00","1,423.25","1,429.08","1,994.00","625.00",733722,"1,048,544,105.90",43102
"12-Jun-2020","EQ","1,341.00","1,444.00","1,341.00","1,433.35","1,425.00","1,425.25","1,403.81","1,994.00","625.00",1540126,"2,162,048,863.55",107954
"11-Jun-2020","EQ","1,454.50","1,477.95","1,425.55","1,454.55","1,433.00","1,433.35","1,449.90","1,994.00","625.00",859510,"1,246,203,936.60",47756
"10-Jun-2020","EQ","1,496.00","1,506.85","1,437.00","1,493.40","1,457.00","1,454.55","1,464.82","1,994.00","625.00",1120128,"1,640,781,499.90",69734
"09-Jun-2020","EQ","1,546.00","1,570.00","1,472.00","1,532.15","1,493.00","1,493.40","1,514.85","1,994.00","625.00",1600239,"2,424,129,451.30",90711
"08-Jun-2020","EQ","1,470.00","1,595.00","1,458.85","1,456.20","1,533.00","1,532.15","1,530.13","1,994.00","625.00",4335458,"6,633,825,318.10",208323
"05-Jun-2020","EQ","1,458.90","1,487.50","1,436.00","1,431.45","1,455.00","1,456.20","1,464.10","1,994.00","625.00",2726540,"3,991,917,023.25",115778
"04-Jun-2020","EQ","1,397.50","1,439.90","1,381.60","1,392.55","1,435.00","1,431.45","1,420.45","1,994.00","625.00",1851685,"2,630,233,279.85",72174
"03-Jun-2020","EQ","1,415.00","1,421.65","1,389.00","1,409.85","1,397.70","1,392.55","1,402.69","1,994.00","625.00",831499,"1,166,332,661.15",57872
"02-Jun-2020","EQ","1,422.00","1,425.00","1,402.00","1,415.75","1,410.00","1,409.85","1,413.54","1,994.00","625.00",636146,"899,219,913.70",37759
"01-Jun-2020","EQ","1,450.00","1,450.00","1,411.40","1,410.35","1,420.65","1,415.75","1,429.09","1,994.00","625.00",951508,"1,359,786,240.70",53936
"29-May-2020","EQ","1,380.00","1,422.00","1,366.35","1,381.30","1,409.00","1,410.35","1,407.40","1,994.00","625.00",1242472,"1,748,655,562.75",64050
"28-May-2020","EQ","1,389.00","1,404.00","1,362.00","1,391.75","1,381.10","1,381.30","1,385.17","1,994.00","625.00",720618,"998,176,628.65",49667
"27-May-2020","EQ","1,347.00","1,414.90","1,331.00","1,377.75","1,389.05","1,391.75","1,363.61","1,994.00","625.00",1205961,"1,644,465,664.50",72089
"26-May-2020","EQ","1,449.00","1,449.00","1,373.00","1,422.70","1,377.95","1,377.75","1,398.80","1,994.00","625.00",1167876,"1,633,620,437.90",80385
"22-May-2020","EQ","1,449.00","1,460.00","1,400.00","1,400.00","1,423.00","1,422.70","1,428.50","1,994.00","625.00",2602909,"3,718,257,137.05",147187
"21-May-2020","EQ","1,400.00","1,400.00","1,400.00","1,333.35","1,400.00","1,400.00","1,400.00","1,994.00","625.00",186571,"261,199,400.00",6555
"20-May-2020","EQ","1,333.35","1,333.35","1,333.35","1,269.90","1,333.35","1,333.35","1,333.35","1,994.00","625.00",518570,"691,435,309.50",12646
"19-May-2020","EQ","1,265.00","1,309.95","1,245.65","1,263.60","1,274.50","1,269.90","1,271.32","1,994.00","625.00",1208900,"1,536,904,790.80",82902
"18-May-2020","EQ","1,310.50","1,314.95","1,263.60","1,330.10","1,263.60","1,263.60","1,274.08","1,994.00","625.00",862751,"1,099,209,829.85",75912
"15-May-2020","EQ","1,342.00","1,377.40","1,325.65","1,389.20","1,329.00","1,330.10","1,338.40","1,994.00","625.00",1285331,"1,720,292,031.05",93519
"14-May-2020","EQ","1,469.95","1,475.00","1,382.65","1,437.10","1,389.00","1,389.20","1,419.70","1,994.00","625.00",3802256,"5,398,056,499.05",248357
"13-May-2020","EQ","1,437.10","1,437.10","1,376.00","1,368.70","1,437.10","1,437.10","1,424.77","1,994.00","625.00",2268041,"3,231,440,396.10",103739
"12-May-2020","EQ","1,368.70","1,368.70","1,368.70","1,303.55","1,368.70","1,368.70","1,368.70","1,994.00","625.00",172092,"235,542,320.40",5652
"11-May-2020","EQ","1,303.55","1,303.55","1,303.55","1,241.50","1,303.55","1,303.55","1,303.55","1,994.00","625.00",129360,"168,627,228.00",5529